<?xml version="1.0" encoding="UTF-8"?>
<databaseChangeLog 
	xmlns="http://www.liquibase.org/xml/ns/dbchangelog" 
	xmlns:xsi="http://www.w3.org/2001/XMLSchema-instance" 
	xmlns:n0="http://www.oracle.com/xml/ns/dbchangelog-ext" 
	xsi:schemaLocation="http://www.liquibase.org/xml/ns/dbchangelog 
	http://www.liquibase.org/xml/ns/dbchangelog/dbchangelog-latest.xsd">
	<changeSet id="32ca1d09eb0210770802d5cc798e2a078013d179" author="(WKSP_LIQUIBASEDEMO)-Generated" failOnError="false"   runOnChange="true" runAlways="false"  >
		<n0:createSxmlObject objectName="EMP" objectType="TABLE" ownerName="WKSP_LIQUIBASEDEMO"  replaceIfExists="true" >
			<n0:source><![CDATA[
  <TABLE xmlns="http://xmlns.oracle.com/ku" version="1.0">
   <SCHEMA>WKSP_LIQUIBASEDEMO</SCHEMA>
   <NAME>EMP</NAME>
   <RELATIONAL_TABLE>
      <COL_LIST>
         <COL_LIST_ITEM>
            <NAME>EMPNO</NAME>
            <DATATYPE>NUMBER</DATATYPE>
            <PRECISION>4</PRECISION>
            <SCALE>0</SCALE>
            <IDENTITY_COLUMN>
               <SCHEMA>WKSP_LIQUIBASEDEMO</SCHEMA>
               <GENERATION>DEFAULT</GENERATION>
               <ON_NULL></ON_NULL>
               <START_WITH>8140</START_WITH>
               <INCREMENT>10</INCREMENT>
               <MINVALUE>1</MINVALUE>
               <MAXVALUE>90000</MAXVALUE>
               <CACHE>0</CACHE>
            </IDENTITY_COLUMN>
            <NOT_NULL></NOT_NULL>
         </COL_LIST_ITEM>
         <COL_LIST_ITEM>
            <NAME>ENAME</NAME>
            <DATATYPE>VARCHAR2</DATATYPE>
            <LENGTH>50</LENGTH>
            <COLLATE_NAME>USING_NLS_COMP</COLLATE_NAME>
         </COL_LIST_ITEM>
         <COL_LIST_ITEM>
            <NAME>JOB</NAME>
            <DATATYPE>VARCHAR2</DATATYPE>
            <LENGTH>50</LENGTH>
            <COLLATE_NAME>USING_NLS_COMP</COLLATE_NAME>
         </COL_LIST_ITEM>
         <COL_LIST_ITEM>
            <NAME>MGR</NAME>
            <DATATYPE>NUMBER</DATATYPE>
            <PRECISION>4</PRECISION>
            <SCALE>0</SCALE>
         </COL_LIST_ITEM>
         <COL_LIST_ITEM>
            <NAME>HIREDATE</NAME>
            <DATATYPE>DATE</DATATYPE>
         </COL_LIST_ITEM>
         <COL_LIST_ITEM>
            <NAME>SAL</NAME>
            <DATATYPE>NUMBER</DATATYPE>
            <PRECISION>7</PRECISION>
            <SCALE>2</SCALE>
         </COL_LIST_ITEM>
         <COL_LIST_ITEM>
            <NAME>COMM</NAME>
            <DATATYPE>NUMBER</DATATYPE>
            <PRECISION>7</PRECISION>
            <SCALE>2</SCALE>
         </COL_LIST_ITEM>
         <COL_LIST_ITEM>
            <NAME>DEPTNO</NAME>
            <DATATYPE>NUMBER</DATATYPE>
            <PRECISION>4</PRECISION>
            <SCALE>0</SCALE>
         </COL_LIST_ITEM>
      </COL_LIST>
      <PRIMARY_KEY_CONSTRAINT_LIST>
         <PRIMARY_KEY_CONSTRAINT_LIST_ITEM>
            <NAME>EMP_PK</NAME>
            <COL_LIST>
               <COL_LIST_ITEM>
                  <NAME>EMPNO</NAME>
               </COL_LIST_ITEM>
            </COL_LIST>
            <USING_INDEX>
               <INDEX_ATTRIBUTES>
                  <PCTFREE>10</PCTFREE>
                  <INITRANS>20</INITRANS>
                  <MAXTRANS>255</MAXTRANS>
                  <STORAGE>
                     <INITIAL>65536</INITIAL>
                     <NEXT>1048576</NEXT>
                     <MINEXTENTS>1</MINEXTENTS>
                     <MAXEXTENTS>2147483645</MAXEXTENTS>
                     <PCTINCREASE>0</PCTINCREASE>
                     <FREELISTS>1</FREELISTS>
                     <FREELIST_GROUPS>1</FREELIST_GROUPS>
                     <BUFFER_POOL>DEFAULT</BUFFER_POOL>
                     <FLASH_CACHE>DEFAULT</FLASH_CACHE>
                     <CELL_FLASH_CACHE>DEFAULT</CELL_FLASH_CACHE>
                  </STORAGE>
                  <TABLESPACE>DATA</TABLESPACE>
                  <LOGGING>Y</LOGGING>
               </INDEX_ATTRIBUTES>
            </USING_INDEX>
         </PRIMARY_KEY_CONSTRAINT_LIST_ITEM>
      </PRIMARY_KEY_CONSTRAINT_LIST>
      <FOREIGN_KEY_CONSTRAINT_LIST>
         <FOREIGN_KEY_CONSTRAINT_LIST_ITEM>
            <NAME>EMP_MGR_FK</NAME>
            <COL_LIST>
               <COL_LIST_ITEM>
                  <NAME>MGR</NAME>
               </COL_LIST_ITEM>
            </COL_LIST>
            <REFERENCES>
               <SCHEMA>WKSP_LIQUIBASEDEMO</SCHEMA>
               <NAME>EMP</NAME>
               <COL_LIST>
                  <COL_LIST_ITEM>
                     <NAME>EMPNO</NAME>
                  </COL_LIST_ITEM>
               </COL_LIST>
            </REFERENCES>
         </FOREIGN_KEY_CONSTRAINT_LIST_ITEM>
         <FOREIGN_KEY_CONSTRAINT_LIST_ITEM>
            <NAME>EMP_DEPT_FK</NAME>
            <COL_LIST>
               <COL_LIST_ITEM>
                  <NAME>DEPTNO</NAME>
               </COL_LIST_ITEM>
            </COL_LIST>
            <REFERENCES>
               <SCHEMA>WKSP_LIQUIBASEDEMO</SCHEMA>
               <NAME>DEPT</NAME>
               <COL_LIST>
                  <COL_LIST_ITEM>
                     <NAME>DEPTNO</NAME>
                  </COL_LIST_ITEM>
               </COL_LIST>
            </REFERENCES>
         </FOREIGN_KEY_CONSTRAINT_LIST_ITEM>
      </FOREIGN_KEY_CONSTRAINT_LIST>
      <DEFAULT_COLLATION>USING_NLS_COMP</DEFAULT_COLLATION>
      <PHYSICAL_PROPERTIES>
         <HEAP_TABLE>
            <SEGMENT_ATTRIBUTES>
               <SEGMENT_CREATION_IMMEDIATE></SEGMENT_CREATION_IMMEDIATE>
               <PCTFREE>10</PCTFREE>
               <PCTUSED>40</PCTUSED>
               <INITRANS>10</INITRANS>
               <MAXTRANS>255</MAXTRANS>
               <STORAGE>
                  <INITIAL>65536</INITIAL>
                  <NEXT>1048576</NEXT>
                  <MINEXTENTS>1</MINEXTENTS>
                  <MAXEXTENTS>2147483645</MAXEXTENTS>
                  <PCTINCREASE>0</PCTINCREASE>
                  <FREELISTS>1</FREELISTS>
                  <FREELIST_GROUPS>1</FREELIST_GROUPS>
                  <BUFFER_POOL>DEFAULT</BUFFER_POOL>
                  <FLASH_CACHE>DEFAULT</FLASH_CACHE>
                  <CELL_FLASH_CACHE>DEFAULT</CELL_FLASH_CACHE>
               </STORAGE>
               <TABLESPACE>DATA</TABLESPACE>
               <LOGGING>Y</LOGGING>
            </SEGMENT_ATTRIBUTES>
            <COMPRESS>N</COMPRESS>
         </HEAP_TABLE>
      </PHYSICAL_PROPERTIES>
   </RELATIONAL_TABLE>
</TABLE>]]></n0:source>
		</n0:createSxmlObject>
	</changeSet>
</databaseChangeLog>
