<?xml version="1.0" encoding="UTF-8"?>
<databaseChangeLog 
	xmlns="http://www.liquibase.org/xml/ns/dbchangelog" 
	xmlns:xsi="http://www.w3.org/2001/XMLSchema-instance" 
	xmlns:n0="http://www.oracle.com/xml/ns/dbchangelog-ext" 
	xsi:schemaLocation="http://www.liquibase.org/xml/ns/dbchangelog 
	http://www.liquibase.org/xml/ns/dbchangelog/dbchangelog-latest.xsd">
	<changeSet id="15cbb08de04534e82bd291ad1bbb2c7414e6603e" author="(WKSP_LIQUIBASEDEMO)-Generated" failOnError="false"   runOnChange="true" runAlways="false"  >
		<n0:createSxmlObject objectName="EMP_DEPT_V" objectType="VIEW" ownerName="WKSP_LIQUIBASEDEMO"  replaceIfExists="true" >
			<n0:source><![CDATA[
  <VIEW xmlns="http://xmlns.oracle.com/ku" version="1.0">
   <SCHEMA>WKSP_LIQUIBASEDEMO</SCHEMA>
   <NAME>EMP_DEPT_V</NAME>
   <DEFAULT_COLLATION>USING_NLS_COMP</DEFAULT_COLLATION>
   <COL_LIST>
      <COL_LIST_ITEM>
         <NAME>EMPNO</NAME>
      </COL_LIST_ITEM>
      <COL_LIST_ITEM>
         <NAME>ENAME</NAME>
      </COL_LIST_ITEM>
      <COL_LIST_ITEM>
         <NAME>JOB</NAME>
      </COL_LIST_ITEM>
      <COL_LIST_ITEM>
         <NAME>MGR</NAME>
      </COL_LIST_ITEM>
      <COL_LIST_ITEM>
         <NAME>HIREDATE</NAME>
      </COL_LIST_ITEM>
      <COL_LIST_ITEM>
         <NAME>SAL</NAME>
      </COL_LIST_ITEM>
      <COL_LIST_ITEM>
         <NAME>COMM</NAME>
      </COL_LIST_ITEM>
      <COL_LIST_ITEM>
         <NAME>DEPTNO</NAME>
      </COL_LIST_ITEM>
      <COL_LIST_ITEM>
         <NAME>DNAME</NAME>
      </COL_LIST_ITEM>
      <COL_LIST_ITEM>
         <NAME>LOC</NAME>
      </COL_LIST_ITEM>
   </COL_LIST>
   <SUBQUERY>select e.empno
,      e.ename
,      e.job
,      (select m.ename from emp m where e.mgr = m.empno) mgr
,      e.hiredate
,      e.sal
,      e.comm
,      d.deptno
,      d.dname
,      d.loc
from emp e
,    dept d
where e.deptno = d.deptno (+)</SUBQUERY>
</VIEW>]]></n0:source>
		</n0:createSxmlObject>
	</changeSet>
</databaseChangeLog>
